CaseType,PatentCategory,FlowDir,StageCode,RequirementCode,RequiredFileKind,RequiredEvidenceRole,RequirementLevel,ConditionExpr,DefaultMissingTaskTemplateCode,GateScope,AcceptsDraft,AcceptsFinal,Notes
NORMAL,INV,CN_DOMESTIC,INTAKE,REQ-INTAKE-CLIENT-INSTRUCTION,CLIENT_INSTRUCTION,SOURCE_FILE,REQUIRED,,,INTAKE_CREATE,true,false,客户指示或客户委托邮件是建案事实来源。
NORMAL,INV,CN_DOMESTIC,INTAKE,REQ-INTAKE-SPECIFICATION,SPECIFICATION,INTAKE_DRAFT,REQUIRED,,,INTAKE_CREATE,true,false,建案时可为收案稿，递交前必须有最终稿。
NORMAL,INV,CN_DOMESTIC,INTAKE,REQ-INTAKE-CLAIMS,CLAIMS,INTAKE_DRAFT,REQUIRED,,,INTAKE_CREATE,true,false,建案时可为收案稿，递交前必须有最终稿。
NORMAL,INV,CN_DOMESTIC,INTAKE,REQ-INTAKE-ABSTRACT,ABSTRACT,INTAKE_DRAFT,REQUIRED,,,INTAKE_CREATE,true,false,摘要可在撰写阶段替换为最终稿。
NORMAL,INV,CN_DOMESTIC,INTAKE,REQ-INTAKE-DRAWINGS,DRAWINGS,INTAKE_DRAFT,CONDITIONAL,has_drawings=true,,INTAKE_CREATE,true,false,有附图时必须核验。
NORMAL,INV,CN_DOMESTIC,FILING,REQ-FILING-SPECIFICATION-FINAL,SPECIFICATION,FINAL_FILING_COPY,REQUIRED_BEFORE_ACTION,,,BATCH_FILING,false,true,递交门禁检查最终递交稿。
NORMAL,INV,CN_DOMESTIC,FILING,REQ-FILING-CLAIMS-FINAL,CLAIMS,FINAL_FILING_COPY,REQUIRED_BEFORE_ACTION,,,BATCH_FILING,false,true,递交门禁检查最终递交稿。
NORMAL,INV,CN_DOMESTIC,FILING,REQ-FILING-POA,POWER_OF_ATTORNEY,SIGNED_AUTHORIZATION,ALLOW_LATER,,SUPPLEMENT_POA,BATCH_FILING,false,true,允许后补时必须写审计原因。
NORMAL,DES,CN_DOMESTIC,FILING,REQ-FILING-DESIGN-VIEWS,DESIGN_DRAWINGS,FINAL_FILING_COPY,REQUIRED_BEFORE_ACTION,,,BATCH_FILING,false,true,外观设计最终视图缺失时硬阻止递交。
